level,page_num,block_num,par_num,line_num,word_num,left,top,width,height,conf,text
1,1,0,0,0,0,0,0,5113,5064,-1.0,
2,1,1,0,0,0,26,81,5069,4942,-1.0,
3,1,1,1,0,0,66,81,5029,698,-1.0,
4,1,1,1,1,0,66,81,5028,89,-1.0,
5,1,1,1,1,1,66,84,148,68,91.285965,"2,031"
5,1,1,1,1,2,309,81,157,68,83.566536,"2,460"
5,1,1,1,1,3,584,81,104,53,96.483902,424
5,1,1,1,1,4,807,83,101,54,93.196335,607
5,1,1,1,1,5,980,83,150,67,91.21209,"1,058"
5,1,1,1,1,6,1250,82,101,54,93.25544,988
5,1,1,1,1,7,1422,81,150,67,92.067795,"1,187"
5,1,1,1,1,8,1645,82,150,66,91.583336,"1,319"
5,1,1,1,1,9,1881,83,154,68,89.402214,"4,735"
5,1,1,1,1,10,2170,92,103,55,93.285553,548
5,1,1,1,1,11,2341,97,150,66,91.759712,"2,465"
5,1,1,1,1,12,2592,98,66,53,96.409149,24
5,1,1,1,1,13,2758,95,101,55,92.996727,728
5,1,1,1,1,14,2926,95,153,68,91.767181,"1,860"
5,1,1,1,1,15,3164,100,154,68,92.836205,"4,848"
5,1,1,1,1,16,3417,102,155,68,92.096115,"8,384"
5,1,1,1,1,17,3672,101,151,67,86.123871,"7,070"
5,1,1,1,1,18,3924,95,150,67,91.28022,"9,322"
5,1,1,1,1,19,4174,92,151,66,92.456131,"7,202"
5,1,1,1,1,20,4406,90,183,66,91.418175,"23,594"
5,1,1,1,1,21,4692,89,66,54,96.68058,90
5,1,1,1,1,22,4826,91,102,54,95.882118,210
5,1,1,1,1,23,4994,93,100,55,95.516083,213
4,1,1,1,2,0,149,286,4946,79,-1.0,
5,1,1,1,2,1,149,290,67,53,96.564934,19
5,1,1,1,2,2,396,286,69,55,95.906189,25
5,1,1,1,2,3,620,289,67,53,95.666412,23
5,1,1,1,2,4,839,290,68,52,96.765381,44
5,1,1,1,2,5,1062,288,66,53,94.89389,13
5,1,1,1,2,6,1285,289,65,53,96.708267,17
5,1,1,1,2,7,1508,289,65,54,96.46534,12
5,1,1,1,2,8,1729,290,65,54,96.636566,16
5,1,1,1,2,9,1968,293,67,53,96.776619,78
5,1,1,1,2,10,2208,302,63,53,96.35392,16
5,1,1,1,2,11,2423,305,68,54,96.663918,44
5,1,1,1,2,12,2626,305,31,54,95.767372,6
5,1,1,1,2,13,2791,303,66,54,96.668915,29
5,1,1,1,2,14,3012,303,66,54,95.004135,72
5,1,1,1,2,15,3250,308,66,55,95.879753,66
5,1,1,1,2,16,3471,309,101,56,95.381958,154
5,1,1,1,2,17,3756,307,59,54,96.278923,91
5,1,1,1,2,18,3980,305,92,53,96.033363,177
5,1,1,1,2,19,4231,299,90,56,95.389214,194
5,1,1,1,2,20,4492,297,99,53,95.103165,462
5,1,1,1,2,21,4724,297,32,53,96.104813,7
5,1,1,1,2,22,4894,300,33,53,96.385201,7
5,1,1,1,2,23,5028,302,67,54,96.266083,22
4,1,1,1,3,0,183,356,4911,77,-1.0,
5,1,1,1,3,1,183,359,34,54,96.88739,7
5,1,1,1,3,2,397,356,66,55,96.19796,12
5,1,1,1,3,3,654,359,29,52,96.671997,1
5,1,1,1,3,4,876,360,27,52,96.86441,1
5,1,1,1,3,5,1095,359,32,50,95.943497,3
5,1,1,1,3,6,1315,357,34,54,96.478462,3
5,1,1,1,3,7,1539,359,32,52,96.940773,7
5,1,1,1,3,8,1762,360,32,52,95.6763,9
5,1,1,1,3,9,1965,363,67,53,96.22258,24
5,1,1,1,3,10,2238,371,33,52,94.713707,3
5,1,1,1,3,11,2425,375,63,52,93.250351,13
5,1,1,1,3,12,2591,406,64,7,93.186676,-
5,1,1,1,3,13,2824,372,33,53,94.871231,3
5,1,1,1,3,14,3044,374,33,53,95.988052,9
5,1,1,1,3,15,3249,380,68,53,95.916603,20
5,1,1,1,3,16,3501,380,67,53,96.193016,41
5,1,1,1,3,17,3755,378,67,54,95.683929,32
5,1,1,1,3,18,4006,374,66,54,96.06543,46
5,1,1,1,3,19,4256,369,65,55,96.697334,34
5,1,1,1,3,20,4496,367,94,52,95.18618,112
5,1,1,1,3,21,4726,369,29,51,96.532883,1
5,1,1,1,3,22,4892,371,33,51,96.027893,3
5,1,1,1,3,23,5059,373,35,52,96.92865,4
4,1,1,1,4,0,182,425,4912,77,-1.0,
5,1,1,1,4,1,182,429,33,53,96.891518,9
5,1,1,1,4,2,397,425,66,54,93.300415,19
5,1,1,1,4,3,618,458,66,7,92.289497,-
5,1,1,1,4,4,840,459,65,7,92.943848,-
5,1,1,1,4,5,1094,426,32,53,97.018478,7
5,1,1,1,4,6,1316,427,33,53,93.261848,5
5,1,1,1,4,7,1506,460,64,7,92.31868,-
5,1,1,1,4,8,1727,461,65,6,92.811028,-
5,1,1,1,4,9,1967,465,64,5,91.646194,-
5,1,1,1,4,10,2237,442,32,52,96.782722,7
5,1,1,1,4,11,2424,443,65,54,93.290001,10
5,1,1,1,4,12,2590,475,65,7,93.051865,-
5,1,1,1,4,13,2824,441,32,52,96.959778,2
5,1,1,1,4,14,3044,445,33,53,95.722656,9
5,1,1,1,4,15,3248,449,67,53,94.150681,23
5,1,1,1,4,16,3501,450,67,52,93.395851,36
5,1,1,1,4,17,3754,447,66,53,94.964005,34
5,1,1,1,4,18,4007,444,65,54,96.726601,46
5,1,1,1,4,19,4289,440,33,53,95.781242,9
5,1,1,1,4,20,4524,436,65,53,96.885704,89
5,1,1,1,4,21,4725,436,28,52,95.64315,1
5,1,1,1,4,22,4890,440,33,52,93.286438,2
5,1,1,1,4,23,5029,472,65,6,93.047943,-
4,1,1,1,5,0,148,496,4946,77,-1.0,
5,1,1,1,5,1,148,529,67,8,87.973373,-
5,1,1,1,5,2,429,496,34,52,93.303772,5
5,1,1,1,5,3,619,527,65,6,92.865517,-
5,1,1,1,5,4,840,527,65,7,92.865517,-
5,1,1,1,5,5,1061,526,65,6,92.916336,-
5,1,1,1,5,6,1284,528,64,6,92.661331,-
5,1,1,1,5,7,1541,499,24,52,97.009995,1
5,1,1,1,5,8,1763,499,27,52,96.811203,1
5,1,1,1,5,9,2000,504,31,51,96.934914,2
5,1,1,1,5,10,2236,510,35,53,97.020386,4
5,1,1,1,5,11,2455,514,32,51,93.292099,7
5,1,1,1,5,12,2590,543,64,8,91.642616,-
5,1,1,1,5,13,2824,510,31,51,96.490395,6
5,1,1,1,5,14,3010,510,67,56,95.672829,16
5,1,1,1,5,15,3282,521,33,52,96.712471,5
5,1,1,1,5,16,3504,518,64,54,96.910294,19
5,1,1,1,5,17,3789,515,32,53,96.655525,6
5,1,1,1,5,18,4007,514,66,53,95.688026,20
5,1,1,1,5,19,4266,508,56,54,96.560654,18
5,1,1,1,5,20,4524,504,64,54,93.163734,44
5,1,1,1,5,21,4692,537,64,5,92.708473,-
5,1,1,1,5,22,4859,538,67,6,92.168991,-
5,1,1,1,5,23,5029,542,65,6,91.272141,-
4,1,1,1,6,0,183,565,4911,75,-1.0,
5,1,1,1,6,1,183,568,29,53,96.38652,1
5,1,1,1,6,2,396,596,66,6,88.409538,-
5,1,1,1,6,3,619,596,65,6,92.586548,-
5,1,1,1,6,4,839,596,66,6,92.666107,-
5,1,1,1,6,5,1095,565,29,52,96.809097,1
5,1,1,1,6,6,1318,567,29,52,93.301704,1
5,1,1,1,6,7,1506,599,65,6,92.858643,-
5,1,1,1,6,8,1763,569,28,52,96.8694,1
5,1,1,1,6,9,1999,573,33,52,96.672752,3
5,1,1,1,6,10,2239,579,30,52,96.985611,1
5,1,1,1,6,11,2456,582,32,52,91.894775,2
5,1,1,1,6,12,2590,613,64,7,91.894775,-
5,1,1,1,6,13,2824,578,32,53,95.318474,2
5,1,1,1,6,14,3043,581,34,52,96.687782,3
5,1,1,1,6,15,3282,588,33,52,96.611244,3
5,1,1,1,6,16,3536,588,32,52,96.994072,6
5,1,1,1,6,17,3788,584,30,53,96.868393,4
5,1,1,1,6,18,4040,583,32,51,96.265656,6
5,1,1,1,6,19,4290,577,32,52,96.893623,6
5,1,1,1,6,20,4528,574,61,52,93.304001,16
5,1,1,1,6,21,4691,605,65,6,92.312523,-
5,1,1,1,6,22,4860,608,66,6,92.879288,-
5,1,1,1,6,23,5028,611,66,6,93.244781,-
4,1,1,1,7,0,146,632,4948,78,-1.0,
5,1,1,1,7,1,146,668,68,8,87.393547,-
5,1,1,1,7,2,427,632,35,54,93.293625,5
5,1,1,1,7,3,617,665,65,5,91.403511,-
5,1,1,1,7,4,837,665,67,6,93.030739,-
5,1,1,1,7,5,1094,634,29,52,96.497513,1
5,1,1,1,7,6,1316,637,27,52,96.4944,1
5,1,1,1,7,7,1540,638,30,52,96.8424,1
5,1,1,1,7,8,1762,639,29,52,96.784286,1
5,1,1,1,7,9,1998,641,33,52,96.884476,2
5,1,1,1,7,10,2236,648,33,53,96.973495,1
5,1,1,1,7,11,2455,649,32,54,93.295631,9
5,1,1,1,7,12,2589,682,63,7,92.44117,-
5,1,1,1,7,13,2821,647,33,53,96.740425,3
5,1,1,1,7,14,3041,650,34,54,96.856911,5
5,1,1,1,7,15,3282,656,32,53,96.665176,3
5,1,1,1,7,16,3502,657,64,53,96.692711,19
5,1,1,1,7,17,3788,654,29,52,96.826607,4
5,1,1,1,7,18,4005,651,67,54,95.88414,20
5,1,1,1,7,19,4289,647,30,52,96.705376,7
5,1,1,1,7,20,4522,643,58,53,93.259407,31
5,1,1,1,7,21,4690,675,65,5,92.755043,-
5,1,1,1,7,22,4859,678,67,6,92.294449,-
5,1,1,1,7,23,5028,681,66,6,91.344482,-
4,1,1,1,8,0,148,702,4947,77,-1.0,
5,1,1,1,8,1,148,705,65,54,96.394348,19
5,1,1,1,8,2,395,702,66,53,96.980904,12
5,1,1,1,8,3,651,702,31,51,96.747498,6
5,1,1,1,8,4,840,702,64,53,96.626205,12
5,1,1,1,8,5,1060,703,65,53,96.696342,16
5,1,1,1,8,6,1283,705,64,53,96.832855,16
5,1,1,1,8,7,1539,707,31,52,96.594818,9
5,1,1,1,8,8,1761,708,32,52,95.110199,9
5,1,1,1,8,9,1966,711,142,53,95.166481,26
5,1,1,1,8,10,2237,717,32,52,94.36174,2
5,1,1,1,8,11,2455,720,32,52,93.248047,4
5,1,1,1,8,12,2590,750,63,7,92.434441,-
5,1,1,1,8,13,2822,716,32,52,96.163063,9
5,1,1,1,8,14,3009,719,66,52,96.77536,17
5,1,1,1,8,15,3246,724,67,55,96.744499,46
5,1,1,1,8,16,3500,725,66,53,96.945892,56
5,1,1,1,8,17,3756,722,62,53,96.434395,53
5,1,1,1,8,18,4004,719,61,55,96.053108,61
5,1,1,1,8,19,4256,717,87,54,96.786438,55
5,1,1,1,8,20,4494,711,94,55,96.361557,169
5,1,1,1,8,21,4722,713,33,52,96.361557,7
5,1,1,1,8,22,4860,715,62,53,96.78009,11
5,1,1,1,8,23,5029,719,66,54,96.744011,15
3,1,1,2,0,0,114,907,4981,79,-1.0,
4,1,1,2,1,0,114,907,4981,79,-1.0,
5,1,1,2,1,1,114,912,100,57,95.173721,138
5,1,1,2,1,2,355,908,105,57,96.387352,244
5,1,1,2,1,3,614,907,69,54,96.507469,26
5,1,1,2,1,4,834,908,69,55,96.770058,33
5,1,1,2,1,5,1023,912,101,55,96.494209,112
5,1,1,2,1,6,1248,914,99,56,96.136536,116
5,1,1,2,1,7,1504,915,67,54,96.824417,64
5,1,1,2,1,8,1725,916,67,54,96.801544,89
5,1,1,2,1,9,1930,919,101,53,92.574356,240
5,1,1,2,1,10,2201,922,66,54,96.081055,65
5,1,1,2,1,11,2386,926,100,53,95.595062,268
5,1,1,2,1,12,2618,925,33,53,96.794189,3
5,1,1,2,1,13,2787,922,65,56,96.537651,61
5,1,1,2,1,14,2975,925,98,53,96.343384,129
5,1,1,2,1,15,3210,930,102,54,94.925621,382
5,1,1,2,1,16,3464,932,102,54,96.414925,804
5,1,1,2,1,17,3719,929,99,54,96.793106,472
5,1,1,2,1,18,3969,927,100,54,96.481972,890
5,1,1,2,1,19,4221,923,99,53,92.619576,402
5,1,1,2,1,20,4442,917,141,63,91.711807,"1,764"
5,1,1,2,1,21,4687,919,67,54,96.681496,28
5,1,1,2,1,22,4857,922,67,54,95.188484,38
5,1,1,2,1,23,5026,928,69,54,96.445473,40
3,1,1,3,0,0,42,978,5053,836,-1.0,
4,1,1,3,1,0,42,978,5052,75,-1.0,
5,1,1,3,1,1,42,982,171,63,67.802071,715
5,1,1,3,1,2,391,978,68,53,95.709015,23
5,1,1,3,1,3,644,978,37,51,96.960968,1
5,1,1,3,1,4,869,978,34,54,94.172882,3
5,1,1,3,1,5,1057,981,68,53,96.223259,16
5,1,1,3,1,6,1310,983,38,53,97.000832,4
5,1,1,3,1,7,1537,985,33,53,97.007133,1
5,1,1,3,1,8,1760,985,33,52,96.761314,3
5,1,1,3,1,9,1966,988,64,51,96.932655,16
5,1,1,3,1,10,2235,992,32,52,96.240555,9
5,1,1,3,1,11,2421,995,64,53,93.278908,16
5,1,1,3,1,12,2587,1025,64,7,92.237885,-
5,1,1,3,1,13,2820,993,32,53,96.938362,2
5,1,1,3,1,14,3040,996,34,51,96.956299,5
5,1,1,3,1,15,3244,1000,64,53,96.796204,41
5,1,1,3,1,16,3499,1001,66,52,96.66404,49
5,1,1,3,1,17,3754,1000,62,50,96.892632,55
5,1,1,3,1,18,4003,995,65,54,96.745697,66
5,1,1,3,1,19,4253,991,65,55,96.105904,24
5,1,1,3,1,20,4494,987,89,53,96.366791,145
5,1,1,3,1,21,4720,988,35,51,96.883606,4
5,1,1,3,1,22,4891,992,34,52,96.866661,4
5,1,1,3,1,23,5061,998,33,52,95.352242,3
4,1,1,3,2,0,144,1184,4949,77,-1.0,
5,1,1,3,2,1,144,1189,68,55,96.762329,37
5,1,1,3,2,2,388,1186,71,54,96.971733,50
5,1,1,3,2,3,643,1184,39,53,96.842796,4
5,1,1,3,2,4,869,1188,34,52,94.591805,5
5,1,1,3,2,5,1051,1188,73,55,96.187584,35
5,1,1,3,2,6,1279,1192,67,52,96.697655,34
5,1,1,3,2,7,1504,1192,65,53,96.501999,17
5,1,1,3,2,8,1724,1192,68,54,93.56163,20
5,1,1,3,2,9,1962,1193,65,55,96.951546,67
5,1,1,3,2,10,2201,1198,64,54,94.478836,26
5,1,1,3,2,11,2419,1202,65,53,91.461029,72
5,1,1,3,2,12,2585,1233,65,7,45.25518,--
5,1,1,3,2,13,2787,1201,65,52,96.761192,15
5,1,1,3,2,14,3004,1200,65,53,96.153351,31
5,1,1,3,2,15,3211,1207,101,54,96.770912,115
5,1,1,3,2,16,3465,1207,99,54,95.078728,195
5,1,1,3,2,17,3725,1205,90,54,96.768356,152
5,1,1,3,2,18,3967,1202,100,55,95.631027,230
5,1,1,3,2,19,4226,1198,90,53,87.058792,103
5,1,1,3,2,20,4484,1195,98,54,74.761848,4855
5,1,1,3,2,21,4721,1196,31,53,94.891846,6
5,1,1,3,2,22,4889,1201,35,53,93.280174,4
5,1,1,3,2,23,5027,1238,66,6,91.706123,-
4,1,1,3,3,0,146,1251,4949,79,-1.0,
5,1,1,3,3,1,146,1257,65,54,96.830856,61
5,1,1,3,3,2,390,1255,69,53,96.824295,60
5,1,1,3,3,3,646,1251,35,54,96.875435,8
5,1,1,3,3,4,837,1254,66,55,96.601616,10
5,1,1,3,3,5,1057,1257,64,54,95.792435,31
5,1,1,3,3,6,1281,1259,65,54,96.470558,19
5,1,1,3,3,7,1504,1262,64,51,95.48056,11
5,1,1,3,3,8,1724,1262,69,53,95.750542,28
5,1,1,3,3,9,1962,1263,68,52,96.904808,85
5,1,1,3,3,10,2201,1268,66,52,96.073685,33
5,1,1,3,3,11,2386,1271,100,52,96.559052,120
5,1,1,3,3,12,2618,1273,33,51,95.352921,2
5,1,1,3,3,13,2784,1270,66,53,96.743225,49
5,1,1,3,3,14,2973,1270,98,53,96.698639,156
5,1,1,3,3,15,3212,1276,99,53,96.273766,138
5,1,1,3,3,16,3464,1277,102,53,96.717186,284
5,1,1,3,3,17,3723,1274,87,53,96.124969,181
5,1,1,3,3,18,3967,1272,97,52,93.759697,335
5,1,1,3,3,19,4218,1266,91,53,78.972694,251
5,1,1,3,3,20,4484,1265,98,53,96.677956,767
5,1,1,3,3,21,4686,1266,63,52,96.672905,21
5,1,1,3,3,22,4858,1268,67,57,95.807373,32
5,1,1,3,3,23,5026,1275,69,54,96.690689,55
4,1,1,3,4,0,179,1322,4916,79,-1.0,
5,1,1,3,4,1,179,1326,34,53,97.022606,4
5,1,1,3,4,2,392,1323,63,55,95.812927,11
5,1,1,3,4,3,650,1322,28,53,96.247421,1
5,1,1,3,4,4,869,1323,32,54,96.943619,2
5,1,1,3,4,5,1091,1327,32,53,97.000023,1
5,1,1,3,4,6,1316,1329,29,52,96.767838,1
5,1,1,3,4,7,1538,1330,28,53,96.686707,1
5,1,1,3,4,8,1760,1331,29,52,96.933731,1
5,1,1,3,4,9,1996,1332,33,53,96.781227,5
5,1,1,3,4,10,2233,1336,33,53,96.872513,3
5,1,1,3,4,11,2452,1340,32,54,93.296677,7
5,1,1,3,4,12,2586,1372,65,7,93.03804,-
5,1,1,3,4,13,2818,1338,33,54,96.907982,3
5,1,1,3,4,14,3039,1340,32,53,97.021408,7
5,1,1,3,4,15,3277,1347,33,53,96.785622,9
5,1,1,3,4,16,3496,1345,68,56,96.014755,24
5,1,1,3,4,17,3755,1342,55,54,94.995125,11
5,1,1,3,4,18,4001,1340,64,53,96.326828,27
5,1,1,3,4,19,4258,1335,56,53,96.527344,14
5,1,1,3,4,20,4521,1332,64,54,96.603096,52
5,1,1,3,4,21,4720,1335,32,53,96.354431,1
5,1,1,3,4,22,4895,1342,24,52,96.651291,1
5,1,1,3,4,23,5059,1349,36,50,96.588997,4
4,1,1,3,5,0,177,1389,4915,80,-1.0,
5,1,1,3,5,1,177,1395,35,53,95.563759,5
5,1,1,3,5,2,391,1394,68,54,96.933968,10
5,1,1,3,5,3,646,1389,34,55,96.887749,3
5,1,1,3,5,4,867,1393,34,53,96.839996,3
5,1,1,3,5,5,1091,1396,32,52,97.020096,7
5,1,1,3,5,6,1312,1398,34,52,93.161392,8
5,1,1,3,5,7,1503,1430,65,7,92.852341,-
5,1,1,3,5,8,1760,1401,28,52,96.8778,1
5,1,1,3,5,9,1995,1403,32,51,96.925522,2
5,1,1,3,5,10,2232,1406,34,53,96.943535,4
5,1,1,3,5,11,2452,1408,32,53,93.296089,9
5,1,1,3,5,12,2584,1440,66,7,92.65593,-
5,1,1,3,5,13,2817,1408,33,53,96.628418,3
5,1,1,3,5,14,3038,1409,33,53,96.844193,5
5,1,1,3,5,15,3244,1414,65,54,96.972748,16
5,1,1,3,5,16,3496,1415,68,54,96.305908,34
5,1,1,3,5,17,3748,1412,65,53,95.581619,23
5,1,1,3,5,18,4000,1409,65,54,96.953751,43
5,1,1,3,5,19,4257,1405,60,52,96.884933,10
5,1,1,3,5,20,4519,1403,66,54,90.608124,76
5,1,1,3,5,21,4687,1436,66,5,83.833946,-
5,1,1,3,5,22,4857,1440,67,7,92.843086,-
5,1,1,3,5,23,5027,1446,65,7,92.568291,-
4,1,1,3,6,0,178,1454,4915,89,-1.0,
5,1,1,3,6,1,178,1464,34,54,96.839394,2
5,1,1,3,6,2,424,1463,33,52,93.290253,6
5,1,1,3,6,3,613,1490,65,7,92.65654,-
5,1,1,3,6,4,835,1493,66,6,91.871368,-
5,1,1,3,6,5,1089,1465,33,52,96.929199,2
5,1,1,3,6,6,1314,1467,29,52,96.526817,1
5,1,1,3,6,7,1536,1470,32,51,96.84024,2
5,1,1,3,6,8,1758,1470,32,50,96.86042,2
5,1,1,3,6,9,1994,1471,34,51,97.017487,8
5,1,1,3,6,10,2233,1477,33,52,96.810448,2
5,1,1,3,6,11,2452,1478,31,52,93.166489,6
5,1,1,3,6,12,2584,1510,66,7,92.058548,-
5,1,1,3,6,13,2817,1478,32,51,96.860954,5
5,1,1,3,6,14,3038,1477,32,53,96.627434,9
5,1,1,3,6,15,3277,1486,33,51,96.989006,8
5,1,1,3,6,16,3491,1454,73,89,94.555824,20
5,1,1,3,6,17,3783,1481,31,52,96.982468,8
5,1,1,3,6,18,3999,1478,67,53,96.266174,22
5,1,1,3,6,19,4258,1474,56,52,96.384338,17
5,1,1,3,6,20,4519,1473,64,53,89.848404,47
5,1,1,3,6,21,4688,1505,65,5,89.848404,-
5,1,1,3,6,22,4858,1510,66,6,92.566589,-
5,1,1,3,6,23,5027,1515,66,7,91.363838,-
4,1,1,3,7,0,178,1531,4915,75,-1.0,
5,1,1,3,7,1,178,1534,34,53,96.910835,2
5,1,1,3,7,2,424,1531,34,54,91.852089,5
5,1,1,3,7,3,613,1559,66,8,91.852089,-
5,1,1,3,7,4,835,1562,65,6,92.409744,-
5,1,1,3,7,5,1058,1565,64,6,92.604263,-
5,1,1,3,7,6,1280,1566,65,7,92.339409,-
5,1,1,3,7,7,1535,1536,33,54,96.984421,1
5,1,1,3,7,8,1760,1539,29,51,96.509003,1
5,1,1,3,7,9,1996,1540,32,52,96.603844,3
5,1,1,3,7,10,2235,1547,29,51,96.669655,1
5,1,1,3,7,11,2452,1548,32,52,93.297386,2
5,1,1,3,7,12,2585,1579,65,7,92.415405,-
5,1,1,3,7,13,2818,1546,31,54,96.990044,1
5,1,1,3,7,14,3037,1545,33,53,96.853516,3
5,1,1,3,7,15,3275,1553,35,53,97.015503,4
5,1,1,3,7,16,3530,1554,33,52,96.384987,9
5,1,1,3,7,17,3781,1551,31,52,97.008438,7
5,1,1,3,7,18,4006,1547,59,53,96.938156,14
5,1,1,3,7,19,4284,1542,33,53,96.761681,6
5,1,1,3,7,20,4518,1542,65,56,92.31443,27
5,1,1,3,7,21,4688,1574,65,6,92.31443,-
5,1,1,3,7,22,4859,1579,64,6,92.5979,-
5,1,1,3,7,23,5027,1585,66,6,92.351913,-
4,1,1,3,8,0,143,1736,4949,78,-1.0,
5,1,1,3,8,1,143,1740,68,56,96.558746,35
5,1,1,3,8,2,387,1737,68,56,95.520554,82
5,1,1,3,8,3,612,1736,65,54,96.435738,27
5,1,1,3,8,4,834,1737,68,54,96.902184,60
5,1,1,3,8,5,1054,1739,68,55,96.433914,36
5,1,1,3,8,6,1278,1741,67,55,96.3564,36
5,1,1,3,8,7,1501,1744,67,53,96.514481,55
5,1,1,3,8,8,1722,1744,68,53,96.287148,55
5,1,1,3,8,9,1927,1745,100,54,96.25238,165
5,1,1,3,8,10,2197,1750,68,55,96.663948,58
5,1,1,3,8,11,2417,1753,65,55,96.616714,89
5,1,1,3,8,12,2583,1753,66,55,96.849037,25
5,1,1,3,8,13,2750,1752,96,55,96.49865,101
5,1,1,3,8,14,2968,1752,101,54,96.49865,209
5,1,1,3,8,15,3207,1760,101,54,95.447273,209
5,1,1,3,8,16,3461,1760,101,54,96.641998,390
5,1,1,3,8,17,3713,1759,93,55,95.469849,261
5,1,1,3,8,18,3963,1754,102,54,96.597878,426
5,1,1,3,8,19,4217,1750,98,55,92.97123,434
5,1,1,3,8,20,4438,1747,137,65,87.878639,"1,121"
5,1,1,3,8,21,4687,1749,65,56,96.86039,16
5,1,1,3,8,22,4855,1754,68,56,96.707428,29
5,1,1,3,8,23,5028,1759,64,53,96.746994,12
3,1,1,4,0,0,112,1804,4980,2674,-1.0,
4,1,1,4,1,0,112,1804,4980,91,-1.0,
5,1,1,4,1,1,112,1810,99,58,96.798866,149
5,1,1,4,1,2,352,1808,103,54,95.416977,267
5,1,1,4,1,3,611,1804,68,54,96.102722,97
5,1,1,4,1,4,799,1806,101,54,96.348183,183
5,1,1,4,1,5,1022,1810,100,61,96.658737,163
5,1,1,4,1,6,1245,1811,98,53,95.822876,151
5,1,1,4,1,7,1469,1812,99,53,96.896034,187
5,1,1,4,1,8,1688,1813,102,54,96.613297,225
5,1,1,4,1,9,1927,1814,99,53,96.705063,792
5,1,1,4,1,10,2163,1818,102,56,96.341339,125
5,1,1,4,1,11,2383,1822,99,55,95.997726,476
5,1,1,4,1,12,2616,1824,32,52,96.589668,6
5,1,1,4,1,13,2749,1821,100,55,96.393524,114
5,1,1,4,1,14,2968,1822,101,52,94.580666,279
5,1,1,4,1,15,3207,1829,103,54,93.303436,630
5,1,1,4,1,16,3413,1830,149,65,92.307297,"1,330"
5,1,1,4,1,17,3714,1830,96,54,93.057037,735
5,1,1,4,1,18,3920,1824,143,65,92.406448,"1,424"
5,1,1,4,1,19,4174,1820,138,65,91.497704,"1,254"
5,1,1,4,1,20,4432,1818,150,64,88.757622,"3,413"
5,1,1,4,1,21,4688,1821,64,53,96.775505,16
5,1,1,4,1,22,4854,1825,69,53,96.808304,45
5,1,1,4,1,23,5025,1828,67,53,96.995392,46
4,1,1,4,2,0,177,1877,4914,75,-1.0,
5,1,1,4,2,1,177,1879,34,54,97.01931,8
5,1,1,4,2,2,388,1877,65,54,93.264046,11
5,1,1,4,2,3,614,1905,64,7,92.215088,-
5,1,1,4,2,4,834,1907,65,6,92.215088,-
5,1,1,4,2,5,1054,1878,69,53,95.832611,10
5,1,1,4,2,6,1312,1881,32,52,97.0037,7
5,1,1,4,2,7,1532,1881,36,52,96.828156,4
5,1,1,4,2,8,1756,1882,32,52,97.006126,4
5,1,1,4,2,9,1961,1883,65,53,96.951447,19
5,1,1,4,2,10,2230,1889,33,53,96.605721,5
5,1,1,4,2,11,2416,1892,66,54,92.064499,32
5,1,1,4,2,12,2583,1923,64,7,92.064499,-
5,1,1,4,2,13,2816,1892,32,52,96.709465,6
5,1,1,4,2,14,3004,1891,65,53,96.610992,15
5,1,1,4,2,15,3241,1900,64,52,95.767677,27
5,1,1,4,2,16,3494,1899,68,53,96.951057,60
5,1,1,4,2,17,3745,1899,67,52,96.852196,30
5,1,1,4,2,18,3998,1894,65,53,96.87014,63
5,1,1,4,2,19,4248,1890,65,53,96.655647,34
5,1,1,4,2,20,4490,1888,91,54,89.405937,127
5,1,1,4,2,21,4686,1921,66,7,89.405937,-
5,1,1,4,2,22,4856,1927,66,5,92.968407,-
5,1,1,4,2,23,5025,1929,66,6,92.872681,-
4,1,1,4,3,0,177,1943,4913,90,-1.0,
5,1,1,4,3,1,177,1949,33,55,97.020607,7
5,1,1,4,3,2,388,1946,68,55,96.987091,10
5,1,1,4,3,3,647,1943,29,52,96.781799,1
5,1,1,4,3,4,867,1944,32,52,97.009392,6
5,1,1,4,3,5,1090,1948,29,51,96.737511,1
5,1,1,4,3,6,1310,1949,34,53,96.825478,3
5,1,1,4,3,7,1533,1951,32,52,96.84156,2
5,1,1,4,3,8,1755,1951,34,52,97.017395,4
5,1,1,4,3,9,1961,1952,64,53,96.838707,16
5,1,1,4,3,10,2233,1958,30,53,96.675682,1
5,1,1,4,3,11,2417,1962,65,53,92.990501,10
5,1,1,4,3,12,2582,1992,64,7,92.654259,-
5,1,1,4,3,13,2781,1991,65,7,92.34153,-
5,1,1,4,3,14,3001,1991,65,6,92.744156,-
5,1,1,4,3,15,3242,1970,64,51,96.452209,11
5,1,1,4,3,16,3489,1944,72,89,96.123039,28
5,1,1,4,3,17,3745,1967,66,54,95.792099,29
5,1,1,4,3,18,3998,1963,65,53,96.206337,42
5,1,1,4,3,19,4247,1958,66,55,96.391403,22
5,1,1,4,3,20,4515,1958,66,54,93.259933,93
5,1,1,4,3,21,4686,1990,65,6,92.997871,-
5,1,1,4,3,22,4856,1995,65,7,92.684471,-
5,1,1,4,3,23,5025,1998,65,6,92.684471,-
4,1,1,4,4,0,145,2013,4945,89,-1.0,
5,1,1,4,4,1,145,2019,65,54,96.64566,15
5,1,1,4,4,2,386,2014,68,56,93.304634,24
5,1,1,4,4,3,612,2043,64,6,92.989883,-
5,1,1,4,4,4,833,2043,66,8,92.524178,-
5,1,1,4,4,5,1089,2015,32,52,97.010483,6
5,1,1,4,4,6,1310,2018,33,51,96.963814,5
5,1,1,4,4,7,1534,2019,32,51,96.870209,2
5,1,1,4,4,8,1755,2021,33,51,96.966003,5
5,1,1,4,4,9,1960,2022,66,52,96.977631,12
5,1,1,4,4,10,2199,2027,65,53,96.323853,10
5,1,1,4,4,11,2416,2030,65,54,92.630264,24
5,1,1,4,4,12,2582,2061,64,7,92.630264,-
5,1,1,4,4,13,2815,2029,31,52,96.636887,6
5,1,1,4,4,14,3003,2030,64,54,96.128357,12
5,1,1,4,4,15,3239,2013,69,89,95.54998,33
5,1,1,4,4,16,3493,2039,67,52,96.801865,64
5,1,1,4,4,17,3745,2036,65,54,95.87204,42
5,1,1,4,4,18,3996,2032,66,53,96.759933,72
5,1,1,4,4,19,4247,2028,64,54,95.175354,24
5,1,1,4,4,20,4488,2026,94,55,96.456604,138
5,1,1,4,4,21,4720,2029,30,51,93.217712,1
5,1,1,4,4,22,4855,2064,66,6,93.176811,-
5,1,1,4,4,23,5024,2068,66,6,90.741867,-
4,1,1,4,5,0,177,2081,4912,79,-1.0,
5,1,1,4,5,1,177,2087,34,54,96.911346,5
5,1,1,4,5,2,388,2085,67,54,96.896629,10
5,1,1,4,5,3,646,2081,29,52,96.894455,1
5,1,1,4,5,4,866,2082,33,52,96.901474,2
5,1,1,4,5,5,1088,2084,34,51,96.89061,5
5,1,1,4,5,6,1311,2086,32,51,97.023491,7
5,1,1,4,5,7,1535,2089,29,50,96.744843,1
5,1,1,4,5,8,1757,2089,29,51,96.959969,1
5,1,1,4,5,9,1992,2090,33,52,96.943314,2
5,1,1,4,5,10,2230,2096,34,53,96.757645,5
5,1,1,4,5,11,2416,2100,65,53,96.511818,22
5,1,1,4,5,12,2616,2098,29,54,96.931519,1
5,1,1,4,5,13,2816,2101,25,50,96.858292,1
5,1,1,4,5,14,3033,2098,34,53,96.872231,3
5,1,1,4,5,15,3240,2106,65,53,96.882431,17
5,1,1,4,5,16,3491,2107,67,53,96.960442,42
5,1,1,4,5,17,3744,2105,59,55,96.475449,21
5,1,1,4,5,18,3994,2099,68,56,96.973358,48
5,1,1,4,5,19,4281,2096,30,53,96.746078,7
5,1,1,4,5,20,4516,2096,66,54,89.816032,76
5,1,1,4,5,21,4685,2129,65,5,89.816032,-
5,1,1,4,5,22,4855,2134,65,7,92.817894,-
5,1,1,4,5,23,5024,2113,65,31,88.661156,-
4,1,1,4,6,0,143,2286,4947,83,-1.0,
5,1,1,4,6,1,143,2295,67,54,96.869263,74
5,1,1,4,6,2,350,2293,105,54,96.048058,200
5,1,1,4,6,3,609,2286,68,55,96.240143,28
5,1,1,4,6,4,832,2287,67,54,96.071121,54
5,1,1,4,6,5,1053,2289,67,55,96.60807,94
5,1,1,4,6,6,1275,2291,67,55,96.56543,92
5,1,1,4,6,7,1499,2294,63,53,95.586601,91
5,1,1,4,6,8,1719,2294,69,55,96.345474,83
5,1,1,4,6,9,1924,2296,102,55,96.275833,275
5,1,1,4,6,10,2196,2302,68,54,96.068382,70
5,1,1,4,6,11,2382,2305,97,54,96.754715,217
5,1,1,4,6,12,2581,2305,65,54,96.154404,10
5,1,1,4,6,13,2779,2303,67,55,96.121437,90
5,1,1,4,6,14,2965,2302,101,58,96.669121,288
5,1,1,4,6,15,3203,2311,101,54,96.563637,339
5,1,1,4,6,16,3458,2314,101,53,96.293831,710
5,1,1,4,6,17,3709,2312,97,54,96.351562,435
5,1,1,4,6,18,3961,2305,98,56,96.624474,793
5,1,1,4,6,19,4212,2303,98,54,93.198532,617
5,1,1,4,6,20,4437,2302,143,67,89.356461,"1,845"
5,1,1,4,6,21,4718,2305,32,53,96.736511,6
5,1,1,4,6,22,4856,2310,64,54,96.61734,11
5,1,1,4,6,23,5055,2315,35,52,96.61734,2
4,1,1,4,7,0,143,2356,4946,81,-1.0,
5,1,1,4,7,1,143,2364,65,54,96.943985,13
5,1,1,4,7,2,384,2360,69,55,96.235535,33
5,1,1,4,7,3,644,2356,31,54,96.672165,6
5,1,1,4,7,4,832,2356,67,55,95.285217,10
5,1,1,4,7,5,1055,2358,64,55,96.46196,13
5,1,1,4,7,6,1275,2360,66,54,96.397804,13
5,1,1,4,7,7,1534,2362,29,53,96.981354,1
5,1,1,4,7,8,1756,2365,29,52,96.98011,1
5,1,1,4,7,9,1992,2366,32,53,96.974991,2
5,1,1,4,7,10,2197,2371,63,54,96.254967,11
5,1,1,4,7,11,2412,2374,67,54,93.303764,47
5,1,1,4,7,12,2580,2405,64,7,91.905067,-
5,1,1,4,7,13,2812,2374,32,53,96.262291,3
5,1,1,4,7,14,3000,2373,65,54,96.704216,13
5,1,1,4,7,15,3236,2380,68,53,96.395233,38
5,1,1,4,7,16,3458,2383,99,54,95.807983,103
5,1,1,4,7,17,3742,2380,64,55,96.26165,43
5,1,1,4,7,18,3966,2374,93,56,95.366745,109
5,1,1,4,7,19,4245,2374,64,55,95.409172,25
5,1,1,4,7,20,4488,2374,93,54,95.656326,177
5,1,1,4,7,21,4718,2375,29,52,95.793159,1
5,1,1,4,7,22,4888,2380,32,52,95.853027,2
5,1,1,4,7,23,5054,2383,35,54,96.553375,3
4,1,1,4,8,0,174,2426,4914,79,-1.0,
5,1,1,4,8,1,174,2433,33,54,97.016716,6
5,1,1,4,8,2,386,2429,66,54,96.977859,14
5,1,1,4,8,3,643,2426,31,52,96.980629,1
5,1,1,4,8,4,865,2427,28,51,96.758614,1
5,1,1,4,8,5,1085,2428,33,53,96.88607,3
5,1,1,4,8,6,1307,2431,33,51,96.875191,3
5,1,1,4,8,7,1530,2432,75,52,96.237808,2
5,1,1,4,8,8,1753,2434,32,51,96.899231,3
5,1,1,4,8,9,1990,2436,34,52,97.013412,8
5,1,1,4,8,10,2228,2441,32,52,95.903587,2
5,1,1,4,8,11,2415,2445,65,53,93.29306,10
5,1,1,4,8,12,2579,2474,64,7,91.043488,-
5,1,1,4,8,13,2812,2443,28,53,96.680664,1
5,1,1,4,8,14,3031,2442,33,54,96.917397,3
5,1,1,4,8,15,3237,2451,65,53,96.992317,13
5,1,1,4,8,16,3487,2453,68,52,96.962204,32
5,1,1,4,8,17,3741,2452,66,53,94.771515,20
5,1,1,4,8,18,3991,2446,65,53,96.690659,35
5,1,1,4,8,19,4252,2445,58,52,96.828201,12
5,1,1,4,8,20,4514,2445,65,52,93.243103,67
5,1,1,4,8,21,4682,2475,66,5,90.506371,-
5,1,1,4,8,22,4853,2479,66,6,92.816803,-
5,1,1,4,8,23,5021,2483,67,6,91.648399,-
4,1,1,4,9,0,174,2493,4915,82,-1.0,
5,1,1,4,9,1,174,2504,34,53,96.825668,2
5,1,1,4,9,2,420,2499,33,53,97.01799,7
5,1,1,4,9,3,643,2493,33,54,96.644455,3
5,1,1,4,9,4,865,2496,32,52,97.023048,7
5,1,1,4,9,5,1086,2498,32,52,96.894226,2
5,1,1,4,9,6,1308,2499,32,52,93.301483,2
5,1,1,4,9,7,1498,2532,65,5,90.200249,-
5,1,1,4,9,8,1755,2504,28,51,96.689621,1
5,1,1,4,9,9,1991,2505,33,52,95.949013,3
5,1,1,4,9,10,2195,2541,65,6,91.794495,-
5,1,1,4,9,11,2446,2513,32,54,93.28801,5
5,1,1,4,9,12,2579,2543,64,7,92.54023,-
5,1,1,4,9,13,2812,2512,32,53,96.907021,2
5,1,1,4,9,14,3032,2511,31,54,97.00914,6
5,1,1,4,9,15,3266,2519,37,53,96.940605,4
5,1,1,4,9,16,3489,2522,68,53,96.552139,20
5,1,1,4,9,17,3777,2519,30,53,96.934036,4
5,1,1,4,9,18,3992,2515,66,53,94.913101,20
5,1,1,4,9,19,4253,2514,58,54,96.262444,16
5,1,1,4,9,20,4515,2513,67,53,95.822311,40
5,1,1,4,9,21,4718,2514,28,52,96.134468,1
5,1,1,4,9,22,4885,2518,33,54,93.235466,2
5,1,1,4,9,23,5020,2552,69,8,91.67952,-
4,1,1,4,10,0,177,2567,4910,77,-1.0,
5,1,1,4,10,1,177,2573,30,51,96.914925,1
5,1,1,4,10,2,418,2569,77,60,93.296844,8
5,1,1,4,10,3,609,2593,65,7,92.612381,-
5,1,1,4,10,4,831,2595,66,6,92.612381,-
5,1,1,4,10,5,1085,2567,33,52,96.969383,5
5,1,1,4,10,6,1307,2567,34,52,93.286407,5
5,1,1,4,10,7,1498,2600,64,5,92.888161,-
5,1,1,4,10,8,1720,2602,64,5,92.68808,-
5,1,1,4,10,9,1958,2603,65,6,90.847137,-
5,1,1,4,10,10,2227,2579,32,53,96.898026,2
5,1,1,4,10,11,2447,2581,31,53,96.410988,6
5,1,1,4,10,12,2612,2580,28,52,96.780098,1
5,1,1,4,10,13,2810,2581,33,52,96.648926,3
5,1,1,4,10,14,3000,2581,65,52,96.496216,10
5,1,1,4,10,15,3269,2588,32,52,96.454796,9
5,1,1,4,10,16,3488,2592,66,52,95.755226,22
5,1,1,4,10,17,3747,2588,53,55,95.40831,11
5,1,1,4,10,18,3992,2584,62,53,96.639084,25
5,1,1,4,10,19,4252,2584,60,53,96.919617,10
5,1,1,4,10,20,4514,2582,66,53,93.293144,46
5,1,1,4,10,21,4682,2612,66,6,92.814392,-
5,1,1,4,10,22,4852,2617,66,6,92.897629,-
5,1,1,4,10,23,5020,2621,67,8,92.486137,-
4,1,1,4,11,0,141,2770,4946,82,-1.0,
5,1,1,4,11,1,141,2779,67,54,96.638451,19
5,1,1,4,11,2,383,2775,68,55,96.528206,77
5,1,1,4,11,3,641,2770,32,53,96.670189,7
5,1,1,4,11,4,831,2772,64,52,95.928711,11
5,1,1,4,11,5,1050,2772,67,57,96.921303,34
5,1,1,4,11,6,1271,2773,67,55,95.11956,33
5,1,1,4,11,7,1497,2776,65,53,96.819641,13
5,1,1,4,11,8,1719,2779,65,53,96.870804,13
5,1,1,4,11,9,1955,2779,67,54,96.979393,88
5,1,1,4,11,10,2226,2786,32,53,96.905975,9
5,1,1,4,11,11,2411,2789,65,54,96.744827,76
5,1,1,4,11,12,2609,2787,33,53,96.349449,3
5,1,1,4,11,13,2774,2787,70,56,96.032249,30
5,1,1,4,11,14,2995,2788,68,54,95.899025,65
5,1,1,4,11,15,3231,2797,69,53,96.467293,78
5,1,1,4,11,16,3454,2798,100,54,94.775726,236
5,1,1,4,11,17,3738,2795,66,55,96.357552,98
5,1,1,4,11,18,3955,2790,98,54,93.7761,255
5,1,1,4,11,19,4216,2789,91,55,96.68782,164
5,1,1,4,11,20,4480,2789,97,52,92.243568,517
5,1,1,4,11,21,4681,2820,65,6,92.243568,-
5,1,1,4,11,22,4884,2795,42,52,96.705376,4
5,1,1,4,11,23,5051,2798,36,53,96.582115,4
4,1,1,4,12,0,139,2977,4944,84,-1.0,
5,1,1,4,12,1,139,2986,67,54,96.8592,49
5,1,1,4,12,2,380,2983,69,54,96.748489,87
5,1,1,4,12,3,605,2977,68,55,96.649696,15
5,1,1,4,12,4,826,2978,68,53,96.570328,31
5,1,1,4,12,5,1046,2979,70,54,95.368622,40
5,1,1,4,12,6,1269,2981,69,53,96.796143,36
5,1,1,4,12,7,1493,2982,67,54,96.382599,15
5,1,1,4,12,8,1718,2986,63,52,95.30246,11
5,1,1,4,12,9,1953,2986,66,54,94.710014,36
5,1,1,4,12,10,2190,2992,67,55,96.190704,48
5,1,1,4,12,11,2377,2996,96,53,93.28479,127
5,1,1,4,12,12,2575,3024,62,8,92.304031,-
5,1,1,4,12,13,2772,2994,68,54,96.592438,32
5,1,1,4,12,14,2994,2996,68,54,96.688278,68
5,1,1,4,12,15,3201,3005,97,52,96.471954,152
5,1,1,4,12,16,3452,3005,100,54,95.269073,308
5,1,1,4,12,17,3711,3001,93,54,96.485458,179
5,1,1,4,12,18,3953,2996,99,55,94.715675,327
5,1,1,4,12,19,4215,2996,90,55,96.653671,135
5,1,1,4,12,20,4477,2995,96,54,96.487076,641
5,1,1,4,12,21,4679,2997,67,53,96.382477,14
5,1,1,4,12,22,4850,3002,67,54,96.893669,14
5,1,1,4,12,23,5017,3007,66,54,96.6539,21
4,1,1,4,13,0,141,3047,4943,82,-1.0,
5,1,1,4,13,1,141,3054,66,56,96.833679,16
5,1,1,4,13,2,382,3052,111,55,96.71273,19
5,1,1,4,13,3,606,3047,66,56,95.323853,12
5,1,1,4,13,4,828,3047,65,53,96.833199,17
5,1,1,4,13,5,1049,3050,64,53,96.404892,11
5,1,1,4,13,6,1272,3050,67,55,96.08403,15
5,1,1,4,13,7,1527,3053,32,52,96.902946,6
5,1,1,4,13,8,1717,3054,65,53,96.897285,12
5,1,1,4,13,9,1954,3056,66,53,96.538017,22
5,1,1,4,13,10,2191,3063,66,54,95.342766,20
5,1,1,4,13,11,2410,3064,65,54,93.302666,65
5,1,1,4,13,12,2575,3095,65,7,93.036858,-
5,1,1,4,13,13,2775,3063,64,54,96.755852,16
5,1,1,4,13,14,2993,3065,68,55,94.971771,23
5,1,1,4,13,15,3232,3075,67,53,95.762474,53
5,1,1,4,13,16,3452,3074,100,54,93.364098,139
5,1,1,4,13,17,3736,3071,65,53,96.087578,67
5,1,1,4,13,18,3960,3066,95,54,95.948975,152
5,1,1,4,13,19,4241,3065,66,54,96.990547,62
5,1,1,4,13,20,4476,3064,95,56,93.044991,281
5,1,1,4,13,21,4680,3098,65,6,92.990189,-
5,1,1,4,13,22,4882,3073,35,52,95.611748,4
5,1,1,4,13,23,5055,3078,29,51,95.611748,1
4,1,1,4,14,0,140,3104,4945,95,-1.0,
5,1,1,4,14,1,140,3125,67,53,95.872055,23
5,1,1,4,14,2,382,3122,63,53,96.581398,61
5,1,1,4,14,3,638,3115,35,54,96.634918,3
5,1,1,4,14,4,860,3116,33,53,96.447716,3
5,1,1,4,14,5,1048,3118,67,54,96.5336,36
5,1,1,4,14,6,1270,3118,67,55,95.705399,36
5,1,1,4,14,7,1527,3122,31,53,96.966919,7
5,1,1,4,14,8,1715,3123,67,54,95.634804,13
5,1,1,4,14,9,1946,3104,74,89,96.901031,44
5,1,1,4,14,10,2190,3131,65,54,96.609589,31
5,1,1,4,14,11,2408,3133,66,55,96.374458,87
5,1,1,4,14,12,2607,3133,32,53,95.197037,2
5,1,1,4,14,13,2773,3132,69,53,96.503998,24
5,1,1,4,14,14,2993,3134,68,55,96.282486,48
5,1,1,4,14,15,3232,3143,66,56,96.629143,99
5,1,1,4,14,16,3450,3143,102,55,94.861458,224
5,1,1,4,14,17,3710,3140,90,55,95.327347,115
5,1,1,4,14,18,3954,3136,90,54,75.843773,2241
5,1,1,4,14,19,4240,3134,66,55,96.519501,95
5,1,1,4,14,20,4476,3134,93,55,93.281944,451
5,1,1,4,14,21,4680,3167,65,5,92.345695,-
5,1,1,4,14,22,4849,3171,67,8,92.373436,-
5,1,1,4,14,23,5019,3176,66,7,91.541283,-
4,1,1,4,15,0,142,3185,4943,83,-1.0,
5,1,1,4,15,1,142,3194,77,56,94.599602,11
5,1,1,4,15,2,379,3190,69,54,94.599602,49
5,1,1,4,15,3,637,3185,35,54,97.017609,4
5,1,1,4,15,4,861,3187,32,51,96.83091,6
5,1,1,4,15,5,1049,3188,65,53,96.588371,14
5,1,1,4,15,6,1272,3189,65,52,96.588371,14
5,1,1,4,15,7,1493,3190,67,52,96.339867,10
5,1,1,4,15,8,1715,3193,66,52,96.355591,15
5,1,1,4,15,9,1952,3195,68,53,96.778801,54
5,1,1,4,15,10,2191,3201,64,53,96.189491,11
5,1,1,4,15,11,2407,3203,67,53,96.531952,34
5,1,1,4,15,12,2607,3204,30,51,96.006195,1
5,1,1,4,15,13,2806,3202,33,52,96.837593,4
5,1,1,4,15,14,2994,3204,66,53,96.374725,13
5,1,1,4,15,15,3229,3213,68,53,96.678696,47
5,1,1,4,15,16,3452,3214,100,54,95.832077,120
5,1,1,4,15,17,3738,3213,62,50,96.272369,55
5,1,1,4,15,18,3958,3206,97,54,94.083885,130
5,1,1,4,15,19,4240,3204,66,54,96.650856,73
5,1,1,4,15,20,4475,3204,101,57,96.106575,258
5,1,1,4,15,21,4712,3206,33,51,96.728577,2
5,1,1,4,15,22,4881,3211,34,54,93.240875,2
5,1,1,4,15,23,5019,3246,66,6,92.197319,-
4,1,1,4,16,0,175,3253,4908,91,-1.0,
5,1,1,4,16,1,175,3264,30,54,96.77507,1
5,1,1,4,16,2,414,3261,34,53,96.880501,5
5,1,1,4,16,3,639,3254,29,55,96.507423,1
5,1,1,4,16,4,862,3255,29,53,96.766907,1
5,1,1,4,16,5,1083,3258,30,51,96.79364,1
5,1,1,4,16,6,1303,3257,33,54,97.00325,1
5,1,1,4,16,7,1525,3261,33,53,96.922119,2
5,1,1,4,16,8,1747,3262,33,54,96.609222,3
5,1,1,4,16,9,1987,3265,31,52,96.993958,6
5,1,1,4,16,10,2222,3270,33,54,96.231552,3
5,1,1,4,16,11,2406,3272,66,53,93.240997,31
5,1,1,4,16,12,2574,3302,64,8,91.313759,-
5,1,1,4,16,13,2804,3270,33,55,96.889885,3
5,1,1,4,16,14,3026,3273,33,54,96.740761,9
5,1,1,4,16,15,3263,3283,33,53,96.707611,7
5,1,1,4,16,16,3483,3253,69,89,96.850342,44
5,1,1,4,16,17,3769,3254,36,90,54.003189,1)
5,1,1,4,16,18,3988,3275,62,53,96.994644,44
5,1,1,4,16,19,4245,3272,62,55,96.700012,16
5,1,1,4,16,20,4510,3273,65,53,96.746498,69
5,1,1,4,16,21,4711,3275,32,53,96.358536,1
5,1,1,4,16,22,4881,3281,34,52,96.191032,2
5,1,1,4,16,23,5052,3286,31,51,96.393921,1
4,1,1,4,17,0,174,3324,4910,81,-1.0,
5,1,1,4,17,1,174,3332,29,54,96.78215,1
5,1,1,4,17,2,381,3330,66,53,96.908241,12
5,1,1,4,17,3,639,3324,30,53,96.543053,1
5,1,1,4,17,4,862,3326,28,50,96.689178,1
5,1,1,4,17,5,1081,3326,33,53,97.023651,7
5,1,1,4,17,6,1304,3327,32,52,97.023033,7
5,1,1,4,17,7,1526,3329,32,53,96.883339,2
5,1,1,4,17,8,1747,3332,33,52,96.861847,2
5,1,1,4,17,9,1986,3333,32,53,97.009254,6
5,1,1,4,17,10,2222,3340,32,53,96.180389,3
5,1,1,4,17,11,2406,3341,67,54,93.282715,20
5,1,1,4,17,12,2573,3371,66,8,90.318237,-
5,1,1,4,17,13,2805,3340,34,53,96.784485,3
5,1,1,4,17,14,3025,3343,33,53,97.016602,6
5,1,1,4,17,15,3232,3351,65,54,96.981483,13
5,1,1,4,17,16,3481,3351,69,54,95.988739,45
5,1,1,4,17,17,3742,3349,59,53,96.805611,13
5,1,1,4,17,18,3989,3345,62,52,96.680542,45
5,1,1,4,17,19,4247,3342,58,54,96.893112,13
5,1,1,4,17,20,4509,3343,57,51,91.472748,71
5,1,1,4,17,21,4678,3375,66,6,91.472748,-
5,1,1,4,17,22,4847,3379,67,6,92.999222,-
5,1,1,4,17,23,5017,3383,67,7,92.489479,-
4,1,1,4,18,0,173,3394,4911,80,-1.0,
5,1,1,4,18,1,173,3401,33,54,96.964867,3
5,1,1,4,18,2,413,3399,34,52,96.986298,3
5,1,1,4,18,3,638,3394,34,53,96.920212,3
5,1,1,4,18,4,859,3394,35,51,96.98716,5
5,1,1,4,18,5,1084,3396,29,52,96.79052,1
5,1,1,4,18,6,1306,3398,28,51,96.552979,1
5,1,1,4,18,7,1528,3400,29,52,96.86042,1
5,1,1,4,18,8,1748,3402,27,51,96.781456,1
5,1,1,4,18,9,1985,3404,33,52,96.948326,2
5,1,1,4,18,10,2222,3409,33,52,96.92099,2
5,1,1,4,18,11,2439,3410,33,53,93.288933,4
5,1,1,4,18,12,2574,3441,64,7,91.187012,-
5,1,1,4,18,13,2772,3440,66,7,92.746193,-
5,1,1,4,18,14,2992,3443,66,7,92.746193,-
5,1,1,4,18,15,3264,3421,32,53,96.909218,7
5,1,1,4,18,16,3483,3421,66,53,96.928116,12
5,1,1,4,18,17,3769,3420,30,50,96.77018,7
5,1,1,4,18,18,3994,3413,60,53,96.876823,12
5,1,1,4,18,19,4273,3413,30,51,96.750626,7
5,1,1,4,18,20,4509,3411,66,53,93.297295,26
5,1,1,4,18,21,4678,3444,66,7,91.923615,-
5,1,1,4,18,22,4848,3448,67,7,92.786682,-
5,1,1,4,18,23,5019,3452,65,7,89.31691,-
4,1,1,4,19,0,142,3470,4942,73,-1.0,
5,1,1,4,19,1,142,3501,63,9,90.928741,-
5,1,1,4,19,2,380,3499,66,8,92.316376,-
5,1,1,4,19,3,605,3494,65,7,91.925797,-
5,1,1,4,19,4,827,3494,65,5,92.476707,-
5,1,1,4,19,5,1050,3496,64,7,92.746765,-
5,1,1,4,19,6,1271,3498,64,6,92.198784,-
5,1,1,4,19,7,1493,3500,64,6,92.198784,-
5,1,1,4,19,8,1749,3471,28,54,96.865875,1
5,1,1,4,19,9,1984,3470,34,54,96.713081,3
5,1,1,4,19,10,2189,3508,65,6,91.342888,-
5,1,1,4,19,11,2408,3510,63,7,92.847656,-
5,1,1,4,19,12,2573,3510,64,7,92.183586,-
5,1,1,4,19,13,2773,3509,64,6,92.383659,-
5,1,1,4,19,14,2992,3511,66,7,92.383659,-
5,1,1,4,19,15,3231,3521,64,5,90.402061,-
5,1,1,4,19,16,3518,3489,29,54,96.343346,1
5,1,1,4,19,17,3737,3516,65,8,89.541351,-
5,1,1,4,19,18,4026,3482,18,53,95.936516,1
5,1,1,4,19,19,4273,3479,31,54,96.882446,3
5,1,1,4,19,20,4543,3481,31,54,93.28064,4
5,1,1,4,19,21,4678,3513,65,6,91.584335,-
5,1,1,4,19,22,4848,3518,67,6,93.102798,-
5,1,1,4,19,23,5018,3523,66,6,90.902092,-
4,1,1,4,20,0,139,3667,4946,90,-1.0,
5,1,1,4,20,1,139,3678,65,55,95.777222,27
5,1,1,4,20,2,378,3674,69,55,96.050705,45
5,1,1,4,20,3,606,3670,65,53,96.472908,15
5,1,1,4,20,4,826,3667,75,90,93.702278,22
5,1,1,4,20,5,1047,3672,68,55,96.50235,20
5,1,1,4,20,6,1270,3672,65,55,96.662415,16
5,1,1,4,20,7,1493,3675,66,53,96.484482,14
5,1,1,4,20,8,1713,3676,65,53,96.66729,19
5,1,1,4,20,9,1949,3674,67,54,97.013123,66
5,1,1,4,20,10,2186,3681,67,55,95.785004,23
5,1,1,4,20,11,2405,3685,68,54,92.996002,58
5,1,1,4,20,12,2574,3715,64,8,92.996002,-
5,1,1,4,20,13,2770,3683,68,53,96.913841,19
5,1,1,4,20,14,2989,3686,68,55,96.807686,46
5,1,1,4,20,15,3229,3696,68,54,96.634315,84
5,1,1,4,20,16,3450,3696,97,53,95.238335,172
5,1,1,4,20,17,3708,3693,93,54,96.557045,124
5,1,1,4,20,18,3952,3687,101,58,96.512436,206
5,1,1,4,20,19,4212,3686,92,55,96.252907,134
5,1,1,4,20,20,4475,3686,97,55,96.152046,464
5,1,1,4,20,21,4712,3690,32,52,95.636307,6
5,1,1,4,20,22,4881,3694,35,53,96.695694,5
5,1,1,4,20,23,5051,3697,34,53,96.361198,5
4,1,1,4,21,0,142,3858,4942,85,-1.0,
5,1,1,4,21,1,142,3868,63,54,96.022408,96
5,1,1,4,21,2,343,3865,103,53,96.102585,212
5,1,1,4,21,3,605,3859,65,53,96.40551,16
5,1,1,4,21,4,823,3858,69,56,95.459061,42
5,1,1,4,21,5,1048,3862,65,52,96.869675,67
5,1,1,4,21,6,1266,3862,69,54,96.142464,56
5,1,1,4,21,7,1493,3865,64,52,96.622101,13
5,1,1,4,21,8,1711,3865,67,56,96.796761,23
5,1,1,4,21,9,1920,3867,92,53,94.603539,101
5,1,1,4,21,10,2186,3873,67,53,96.732506,38
5,1,1,4,21,11,2371,3875,99,53,95.179314,273
5,1,1,4,21,12,2573,3876,64,52,96.185951,16
5,1,1,4,21,13,2771,3874,66,53,96.420151,67
5,1,1,4,21,14,2956,3877,103,56,96.746048,204
5,1,1,4,21,15,3194,3886,102,54,95.228493,230
5,1,1,4,21,16,3448,3887,100,52,96.877052,647
5,1,1,4,21,17,3698,3883,100,54,96.130135,335
5,1,1,4,21,18,3951,3879,98,55,96.460434,734
5,1,1,4,21,19,4203,3878,101,53,93.296173,347
5,1,1,4,21,20,4431,3878,144,65,91.875778,"1,416"
5,1,1,4,21,21,4679,3881,64,55,96.667915,11
5,1,1,4,21,22,4883,3884,31,54,96.695168,9
5,1,1,4,21,23,5020,3890,64,53,96.477943,16
4,1,1,4,22,0,172,3928,4913,93,-1.0,
5,1,1,4,22,1,172,3937,33,52,96.99662,8
5,1,1,4,22,2,378,3933,68,54,96.781746,22
5,1,1,4,22,3,637,3930,34,51,96.891457,3
5,1,1,4,22,4,860,3928,32,52,96.985634,6
5,1,1,4,22,5,1080,3930,33,52,96.93428,3
5,1,1,4,22,6,1301,3930,33,53,93.294083,3
5,1,1,4,22,7,1490,3962,65,8,91.639313,-
5,1,1,4,22,8,1745,3936,33,53,96.251602,3
5,1,1,4,22,9,1982,3938,34,52,97.002609,8
5,1,1,4,22,10,2221,3944,30,52,96.046104,1
5,1,1,4,22,11,2404,3944,61,53,93.226868,21
5,1,1,4,22,12,2573,3975,63,7,91.736382,-
5,1,1,4,22,13,2804,3942,31,52,96.941422,2
5,1,1,4,22,14,3023,3949,34,53,96.947441,2
5,1,1,4,22,15,3230,3957,65,53,96.983025,12
5,1,1,4,22,16,3476,3932,73,89,96.899521,54
5,1,1,4,22,17,3733,3951,67,55,94.785713,20
5,1,1,4,22,18,3985,3949,66,53,96.48262,63
5,1,1,4,22,19,4246,3947,59,53,96.345322,16
5,1,1,4,22,20,4509,3950,66,52,96.818466,99
5,1,1,4,22,21,4711,3954,33,54,96.857697,2
5,1,1,4,22,22,4881,3956,34,51,96.351624,5
5,1,1,4,22,23,5052,3960,33,52,96.353844,2
4,1,1,4,23,0,140,3996,4943,85,-1.0,
5,1,1,4,23,1,140,4006,65,53,96.207893,33
5,1,1,4,23,2,378,4003,67,54,96.503227,91
5,1,1,4,23,3,637,3997,33,54,96.926468,2
5,1,1,4,23,4,859,3996,33,54,96.573906,3
5,1,1,4,23,5,1044,3998,69,53,96.612831,42
5,1,1,4,23,6,1264,3997,71,54,96.161423,40
5,1,1,4,23,7,1524,4002,31,53,96.691078,7
5,1,1,4,23,8,1712,4005,66,54,95.978493,14
5,1,1,4,23,9,1950,4006,67,54,96.795509,37
5,1,1,4,23,10,2186,4011,62,54,96.721054,21
5,1,1,4,23,11,2373,4014,96,52,96.421112,127
5,1,1,4,23,12,2604,4014,33,53,96.29686,2
5,1,1,4,23,13,2769,4012,67,53,96.755852,25
5,1,1,4,23,14,2989,4017,68,53,96.726212,56
5,1,1,4,23,15,3196,4025,98,53,95.897514,105
5,1,1,4,23,16,3447,4024,99,53,96.472939,299
5,1,1,4,23,17,3706,4022,93,53,96.472939,132
5,1,1,4,23,18,3950,4017,95,54,77.343521,321
5,1,1,4,23,19,4237,4016,67,52,96.228004,96
5,1,1,4,23,20,4476,4018,99,53,96.664619,549
5,1,1,4,23,21,4710,4022,36,53,96.706329,4
5,1,1,4,23,22,4879,4024,36,53,96.593658,3
5,1,1,4,23,23,5051,4029,32,52,95.738358,2
4,1,1,4,24,0,174,4066,4910,91,-1.0,
5,1,1,4,24,1,174,4074,32,53,97.010521,6
5,1,1,4,24,2,379,4072,67,53,96.854004,13
5,1,1,4,24,3,638,4068,31,52,96.981964,1
5,1,1,4,24,4,860,4066,29,53,96.703178,1
5,1,1,4,24,5,1079,4068,33,51,97.016724,4
5,1,1,4,24,6,1301,4067,32,53,97.014854,4
5,1,1,4,24,7,1523,4072,32,51,96.943649,2
5,1,1,4,24,8,1744,4078,33,51,96.947716,5
5,1,1,4,24,9,1985,4077,31,52,97.022575,7
5,1,1,4,24,10,2217,4082,36,53,96.648857,8
5,1,1,4,24,11,2407,4082,62,53,93.281456,12
5,1,1,4,24,12,2572,4113,64,7,92.445389,-
5,1,1,4,24,13,2770,4111,65,7,92.255127,-
5,1,1,4,24,14,2992,4117,65,7,93.030693,-
5,1,1,4,24,15,3224,4068,71,89,96.846329,20
5,1,1,4,24,16,3480,4093,67,54,96.733856,35
5,1,1,4,24,17,3733,4090,64,55,96.064514,27
5,1,1,4,24,18,3984,4087,66,53,96.875519,38
5,1,1,4,24,19,4271,4086,32,53,96.997009,8
5,1,1,4,24,20,4509,4090,65,51,92.234688,73
5,1,1,4,24,21,4680,4122,64,7,92.233818,-
5,1,1,4,24,22,4848,4124,67,6,92.216202,-
5,1,1,4,24,23,5018,4128,66,6,86.845047,-
4,1,1,4,25,0,140,4255,4944,84,-1.0,
5,1,1,4,25,1,140,4264,65,55,96.490814,56
5,1,1,4,25,2,343,4261,104,55,96.17897,130
5,1,1,4,25,3,604,4257,66,54,96.243423,16
5,1,1,4,25,4,824,4255,68,54,96.178528,37
5,1,1,4,25,5,1046,4256,67,54,96.245033,10
5,1,1,4,25,6,1269,4257,63,53,96.300072,11
5,1,1,4,25,7,1488,4259,67,54,96.375755,25
5,1,1,4,25,8,1709,4264,66,52,94.993713,27
5,1,1,4,25,9,1948,4266,66,55,95.471779,91
5,1,1,4,25,10,2185,4271,68,54,96.529549,40
5,1,1,4,25,11,2372,4270,98,55,96.529549,104
5,1,1,4,25,12,2603,4271,32,54,96.26075,2
5,1,1,4,25,13,2769,4270,64,55,96.789719,17
5,1,1,4,25,14,2988,4275,67,56,95.573013,41
5,1,1,4,25,15,3193,4283,101,56,95.804749,133
5,1,1,4,25,16,3447,4284,101,55,93.546593,305
5,1,1,4,25,17,3704,4280,94,57,94.884346,173
5,1,1,4,25,18,3950,4276,93,56,87.594215,3351
5,1,1,4,25,19,4209,4276,95,55,96.814896,169
5,1,1,4,25,20,4475,4278,100,55,91.40065,693
5,1,1,4,25,21,4713,4283,32,54,95.601952,6
5,1,1,4,25,22,4882,4283,34,55,93.275215,3
5,1,1,4,25,23,5019,4318,65,7,92.595108,-
4,1,1,4,26,0,173,4324,4911,83,-1.0,
5,1,1,4,26,1,173,4334,34,52,96.994095,5
5,1,1,4,26,2,412,4331,31,54,97.003105,7
5,1,1,4,26,3,637,4326,32,53,97.01786,2
5,1,1,4,26,4,859,4324,33,54,90.862762,2
5,1,1,4,26,5,1047,4357,65,7,90.862762,-
5,1,1,4,26,6,1267,4355,65,7,92.414177,-
5,1,1,4,26,7,1489,4358,66,6,92.554604,-
5,1,1,4,26,8,1711,4363,65,6,92.245514,-
5,1,1,4,26,9,1949,4367,65,6,91.199493,-
5,1,1,4,26,10,2218,4341,33,53,96.641685,3
5,1,1,4,26,11,2404,4340,66,54,93.162949,10
5,1,1,4,26,12,2572,4371,64,7,92.406143,-
5,1,1,4,26,13,2769,4371,66,6,92.012817,-
5,1,1,4,26,14,2988,4377,67,7,92.677193,-
5,1,1,4,26,15,3260,4354,34,53,97.012901,8
5,1,1,4,26,16,3482,4354,64,53,96.594452,19
5,1,1,4,26,17,3766,4351,33,53,94.930527,9
5,1,1,4,26,18,3984,4347,67,54,96.5205,20
5,1,1,4,26,19,4271,4347,32,53,96.977142,2
5,1,1,4,26,20,4509,4349,60,53,93.294846,31
5,1,1,4,26,21,4679,4382,66,6,93.027809,-
5,1,1,4,26,22,4848,4384,67,7,92.49382,-
5,1,1,4,26,23,5018,4387,66,7,92.49382,-
4,1,1,4,27,0,176,4394,4908,84,-1.0,
5,1,1,4,27,1,176,4402,31,54,96.942474,6
5,1,1,4,27,2,412,4403,32,53,97.00338,7
5,1,1,4,27,3,638,4397,26,52,97.019348,1
5,1,1,4,27,4,858,4394,33,53,96.93074,2
5,1,1,4,27,5,1077,4394,34,51,96.993629,4
5,1,1,4,27,6,1299,4394,34,52,96.930046,3
5,1,1,4,27,7,1523,4397,28,51,93.268311,1
5,1,1,4,27,8,1710,4432,65,6,92.118668,-
5,1,1,4,27,9,1980,4406,32,53,96.559875,3
5,1,1,4,27,10,2218,4410,32,53,96.670441,2
5,1,1,4,27,11,2436,4410,32,53,92.967987,7
5,1,1,4,27,12,2570,4440,64,8,92.244423,-
5,1,1,4,27,13,2801,4407,34,55,95.212395,3
5,1,1,4,27,14,2990,4414,67,55,96.049637,10
5,1,1,4,27,15,3229,4423,65,54,96.473907,13
5,1,1,4,27,16,3481,4424,62,54,96.411934,21
5,1,1,4,27,17,3732,4420,67,56,96.831818,20
5,1,1,4,27,18,3984,4416,66,55,96.783623,28
5,1,1,4,27,19,4244,4416,58,54,94.501259,15
5,1,1,4,27,20,4508,4418,66,54,92.666222,63
5,1,1,4,27,21,4678,4452,66,6,92.666222,-
5,1,1,4,27,22,4849,4452,66,8,92.179642,-
5,1,1,4,27,23,5018,4457,66,7,91.797661,-
3,1,1,5,0,0,110,4581,4976,368,-1.0,
4,1,1,5,1,0,110,4581,4975,93,-1.0,
5,1,1,5,1,1,110,4593,97,54,95.927353,210
5,1,1,5,1,2,342,4590,104,55,95.712059,415
5,1,1,5,1,3,569,4586,101,55,96.585747,148
5,1,1,5,1,4,789,4585,103,54,96.473991,265
5,1,1,5,1,5,1012,4582,99,55,95.805077,129
5,1,1,5,1,6,1231,4581,100,55,95.518814,129
5,1,1,5,1,7,1451,4583,99,57,96.02253,221
5,1,1,5,1,8,1674,4588,99,56,96.591667,221
5,1,1,5,1,9,1912,4595,101,56,96.522041,836
5,1,1,5,1,10,2153,4600,97,54,96.826309,193
5,1,1,5,1,11,2369,4598,99,55,95.637093,680
5,1,1,5,1,12,2569,4599,64,55,96.69532,12
5,1,1,5,1,13,2733,4599,98,54,95.752182,271
5,1,1,5,1,14,2953,4603,103,59,96.870766,735
5,1,1,5,1,15,3192,4614,102,55,96.47702,765
5,1,1,5,1,16,3399,4615,149,58,79.894638,1864
5,1,1,5,1,17,3695,4612,103,55,76.45047,929
5,1,1,5,1,18,3899,4607,152,66,92.248962,"2,026"
5,1,1,5,1,19,4160,4607,145,66,91.967522,"1,836"
5,1,1,5,1,20,4425,4608,142,66,83.912933,"4,791"
5,1,1,5,1,21,4677,4610,66,54,96.84301,39
5,1,1,5,1,22,4847,4611,69,55,96.879951,38
5,1,1,5,1,23,5016,4616,69,54,96.379105,39
4,1,1,5,2,0,141,4651,4942,88,-1.0,
5,1,1,5,2,1,141,4662,67,54,96.656174,44
5,1,1,5,2,2,345,4658,100,54,96.398384,105
5,1,1,5,2,3,603,4654,66,65,96.463158,14
5,1,1,5,2,4,823,4654,67,56,96.67971,26
5,1,1,5,2,5,1044,4651,67,55,95.487823,24
5,1,1,5,2,6,1264,4651,67,54,96.847511,24
5,1,1,5,2,7,1486,4654,67,53,95.334152,28
5,1,1,5,2,8,1707,4659,67,53,95.357399,28
5,1,1,5,2,9,1914,4666,99,53,96.02002,102
5,1,1,5,2,10,2183,4670,66,52,96.272888,23
5,1,1,5,2,11,2370,4669,97,54,96.404488,146
5,1,1,5,2,12,2602,4669,32,55,95.625557,9
5,1,1,5,2,13,2766,4668,68,54,96.60611,58
5,1,1,5,2,14,2956,4676,99,54,96.806572,179
5,1,1,5,2,15,3194,4684,100,52,96.439713,128
5,1,1,5,2,16,3431,4660,116,79,93.67749,375
5,1,1,5,2,17,3704,4682,93,54,96.842743,189
5,1,1,5,2,18,3950,4678,100,55,96.209122,422
5,1,1,5,2,19,4203,4679,99,53,35.662697,3907
5,1,1,5,2,20,4474,4680,101,54,93.272469,918
5,1,1,5,2,21,4677,4711,68,7,92.546677,-
5,1,1,5,2,22,4848,4713,66,6,92.727905,-
5,1,1,5,2,23,5018,4717,65,5,92.587875,-
4,1,1,5,3,0,142,4720,4937,88,-1.0,
5,1,1,5,3,1,142,4730,63,56,96.787727,69
5,1,1,5,3,2,377,4728,68,53,96.50985,65
5,1,1,5,3,3,602,4724,66,55,96.50985,14
5,1,1,5,3,4,821,4723,70,54,96.610924,30
5,1,1,5,3,5,1042,4721,68,54,96.232948,55
5,1,1,5,3,6,1262,4720,68,52,95.910515,56
5,1,1,5,3,7,1488,4724,65,53,96.717796,18
5,1,1,5,3,8,1706,4728,66,53,96.593842,31
5,1,1,5,3,9,1946,4735,65,53,96.935539,76
5,1,1,5,3,10,2183,4739,66,54,96.841301,27
5,1,1,5,3,11,2369,4738,94,55,90.989365,131
5,1,1,5,3,12,2569,4770,64,7,90.989365,-
5,1,1,5,3,13,2765,4736,69,55,96.319855,40
5,1,1,5,3,14,2954,4743,100,57,96.469963,112
5,1,1,5,3,15,3193,4753,99,53,96.712486,169
5,1,1,5,3,16,3446,4754,99,54,96.220497,337
5,1,1,5,3,17,3697,4752,99,53,96.009346,213
5,1,1,5,3,18,3948,4747,96,56,95.985329,361
5,1,1,5,3,19,4203,4748,101,55,95.985329,218
5,1,1,5,3,20,4475,4750,100,54,89.493515,792
5,1,1,5,3,21,4708,4751,37,52,96.796082,4
5,1,1,5,3,22,4879,4753,34,51,96.813538,5
5,1,1,5,3,23,5052,4756,27,52,96.563187,1
4,1,1,5,4,0,141,4789,4940,96,-1.0,
5,1,1,5,4,1,141,4799,63,55,96.682625,74
5,1,1,5,4,2,343,4796,102,55,96.249229,135
5,1,1,5,4,3,603,4795,65,65,96.564064,12
5,1,1,5,4,4,822,4792,68,55,95.973846,22
5,1,1,5,4,5,1044,4790,66,55,96.659325,78
5,1,1,5,4,6,1263,4789,65,55,95.950096,71
5,1,1,5,4,7,1485,4792,68,56,96.139076,74
5,1,1,5,4,8,1706,4798,67,55,96.677963,96
5,1,1,5,4,9,1911,4803,101,56,93.76609,347
5,1,1,5,4,10,2183,4808,66,55,96.59903,56
5,1,1,5,4,11,2370,4808,98,55,96.837387,120
5,1,1,5,4,12,2601,4807,30,54,96.274796,1
5,1,1,5,4,13,2764,4806,69,55,96.900703,47
5,1,1,5,4,14,2954,4813,101,56,96.795647,125
5,1,1,5,4,15,3191,4821,101,55,96.419113,283
5,1,1,5,4,16,3444,4823,101,55,96.125961,481
5,1,1,5,4,17,3696,4819,93,56,96.777901,391
5,1,1,5,4,18,3951,4818,97,54,91.006683,578
5,1,1,5,4,19,4203,4818,100,56,93.301651,494
5,1,1,5,4,20,4431,4819,143,66,91.514854,"1,463"
5,1,1,5,4,21,4678,4819,66,55,96.686737,15
5,1,1,5,4,22,4848,4821,67,56,96.286316,15
5,1,1,5,4,23,5017,4825,64,54,96.483879,11
4,1,1,5,5,0,140,4858,4946,91,-1.0,
5,1,1,5,5,1,140,4868,66,55,96.109482,36
5,1,1,5,5,2,376,4866,68,53,96.942787,53
5,1,1,5,5,3,635,4864,34,54,96.864464,2
5,1,1,5,5,4,857,4862,34,54,96.608139,5
5,1,1,5,5,5,1043,4860,66,54,96.061752,31
5,1,1,5,5,6,1262,4858,68,54,96.494339,22
5,1,1,5,5,7,1520,4863,32,53,96.612007,9
5,1,1,5,5,8,1709,4869,65,54,96.683693,13
5,1,1,5,5,9,1946,4875,66,54,95.497803,27
5,1,1,5,5,10,2185,4878,65,52,94.675285,13
5,1,1,5,5,11,2401,4878,67,53,93.29863,65
5,1,1,5,5,12,2568,4907,64,8,91.806732,-
5,1,1,5,5,13,2768,4877,65,52,96.868118,17
5,1,1,5,5,14,2987,4884,68,53,96.611504,35
5,1,1,5,5,15,3224,4892,68,53,96.111435,89
5,1,1,5,5,16,3447,4893,98,53,96.323784,172
5,1,1,5,5,17,3702,4890,93,54,96.425331,137
5,1,1,5,5,18,3950,4889,98,53,95.086662,213
5,1,1,5,5,19,4238,4891,66,52,95.604568,67
5,1,1,5,5,20,4476,4891,98,53,95.924805,417
5,1,1,5,5,21,4733,4890,12,52,96.139999,9
5,1,1,5,5,22,4873,4893,41,52,96.898506,4
5,1,1,5,5,23,5050,4896,36,53,96.935783,4
3,1,1,6,0,0,26,4930,5059,93,-1.0,
4,1,1,6,1,0,26,4930,5059,93,-1.0,
5,1,1,6,1,1,26,4926,213,102,16.459839,-93
5,1,1,6,1,2,347,4926,173,102,79.916939,-7
5,1,1,6,1,3,614,4934,67,79,96.690323,8
5,1,1,6,1,4,787,4926,185,102,96.661301,16
5,1,1,6,1,5,1067,4930,55,80,96.495415,2
5,1,1,6,1,6,1277,4930,67,79,95.800507,2
5,1,1,6,1,7,1501,4933,64,80,96.257515,3
5,1,1,6,1,8,1698,4941,90,77,96.891411,3
5,1,1,6,1,9,1883,4945,180,77,96.016632,10
5,1,1,6,1,10,2217,4946,33,53,96.767899,7
5,1,1,6,1,11,2402,4946,61,53,93.302292,11
5,1,1,6,1,12,2568,4977,64,8,93.153,-
5,1,1,6,1,13,2799,4946,35,54,96.738983,4
5,1,1,6,1,14,2989,4953,67,54,96.85376,12
5,1,1,6,1,15,3225,4960,63,55,95.525352,21
5,1,1,6,1,16,3478,4963,68,53,96.258514,35
5,1,1,6,1,17,3730,4959,67,57,95.565529,29
5,1,1,6,1,18,3985,4958,66,56,96.926689,40
5,1,1,6,1,19,4238,4960,67,55,96.689064,38
5,1,1,6,1,20,4482,4961,93,54,93.261726,107
5,1,1,6,1,21,4679,4993,65,6,92.649796,-
5,1,1,6,1,22,4848,4994,66,6,92.888832,-
5,1,1,6,1,23,5020,4997,65,7,91.905304,-
